	SA1	SA2	SA3	SL1	SL2	SL3	NO1	NO2	NO3
2	0.86652	0.81909	0.34646	1.60173	1.60554	0.50303	1.41765	1.42301	0.53491
4	0.40226	0.42215	0.17658	0.76714	0.77851	0.26385	1.41765	1.42301	0.53491
8	0.22904	0.23351	0.10024	0.40285	0.40106	0.14224	1.41765	1.42301	0.53491
16	0.14452	0.15015	0.06402	0.22712	0.23221	0.08389	1.41765	1.42301	0.53491
32	0.10791	0.10814	0.04754	0.1439	0.15131	0.05771	1.41765	1.42301	0.53491
64	0.09339	0.09558	0.0439	0.11309	0.11877	0.04768	1.41765	1.42301	0.53491

